,Ticker,GIC_Sector
0,BSET,25
1,BBY,25
2,HRB,25
3,CAL,25
4,BC,25
5,CATO,25
6,CVCO,25
7,EAT,25
8,CHDN,25
9,RAVE,25
10,BH,25
11,CBRL,25
12,CRWS,25
13,CULP,25
14,WEN,25
15,DAN,25
16,ATGE,25
17,DDS,25
18,DXYN,25
19,EDUC,25
20,MSN,25
21,ESCA,25
22,FSCR,25
23,M,25
24,BDL,25
25,FLXS,25
26,F,25
27,GAP,25
28,GM,25
29,GCO,25
30,GNTX,25
31,GPC,25
32,GT,25
33,HAS,25
34,HVT,25
35,HELE,25
36,HLT,25
37,HD,25
38,HMC,25
39,HOV,25
40,KOSS,25
41,LZB,25
42,LEG,25
43,LEN,25
44,BBWI,25
45,LOW,25
46,MGA,25
47,PCRHY,25
48,MAT,25
49,MCD,25
50,MCRAA,25
51,MOD,25
52,NATH,25
53,NWL,25
54,NKE,25
55,NOBH,25
56,JWN,25
57,MOV,25
58,OXM,25
59,PATK,25
60,PVH,25
61,PHM,25
62,RGS,25
63,AN,25
64,ROST,25
65,SCI,25
66,SONY,25
67,SMP,25
68,RGR,25
69,SUP,25
70,SGC,25
71,THO,25
72,UFI,25
73,LNW,25
74,VFC,25
75,GHC,25
76,WEYS,25
77,WHR,25
78,WSM,25
79,WGO,25
80,WWW,25
81,FL,25
82,TJX,25
83,LCII,25
84,ARKR,25
85,ELA,25
86,BIGGQ,25
87,HOG,25
88,TOL,25
89,NVR,25
90,LAKE,25
91,MHO,25
92,WACLY,25
93,KBH,25
94,JACK,25
95,VOXX,25
96,DXLG,25
97,CCL,25
98,0189A,25
99,CRMT,25
100,FUN,25
101,TTSH,25
102,JOUT,25
103,PII,25
104,MGM,25
105,LVMUY,25
106,ELUXY,25
107,ODP,25
108,MTH,25
109,SIG,25
110,SPWH,25
111,LEVI,25
112,LEA,25
113,TMHC,25
114,MBGYY,25
115,CCS,25
116,NDLS,25
117,FOXF,25
118,FUJHY,25
119,MUSA,25
120,CHGG,25
121,LGIH,25
122,BURL,25
123,PBPB,25
124,STKS,25
125,CWH,25
126,NSANY,25
127,AMRK,25
128,VNCE,25
129,MBUU,25
130,DENN,25
131,GIII,25
132,IBP,25
133,LE,25
134,SABR,25
135,TM,25
136,JD,25
137,IHG,25
138,CNGO,25
139,TOUR,25
140,BABA,25
141,GPRO,25
142,RMBL,25
143,LOCO,25
144,W,25
145,CZR,25
146,BOOT,25
147,GRBK,25
148,DIIBF,25
149,FND,25
150,RSTRF,25
151,GTIM,25
152,SHAK,25
153,BNED,25
154,ETSY,25
155,BLD,25
156,ETD,25
157,BZUN,25
158,DORM,25
159,AZO,25
160,WING,25
161,OLLI,25
162,LCUT,25
163,DBI,25
164,DIN,25
165,MNRO,25
166,LIND,25
167,XPEV,25
168,CLOW,25
169,PLNT,25
170,MCFT,25
171,MODG,25
172,MHK,25
173,BKE,25
174,KSS,25
175,DHI,25
176,SBUX,25
177,RACE,25
178,SNMSF,25
179,CAKE,25
180,STLY,25
181,GORV,25
182,LAUR,25
183,DLTH,25
184,RRR,25
185,VNJA,25
186,BALY,25
187,COE,25
188,ADNT,25
189,VVV,25
190,HGV,25
191,GOLF,25
192,YETI,25
193,RCKY,25
194,UEIC,25
195,SCVL,25
196,FOSL,25
197,ORLY,25
198,RCL,25
199,PLYA,25
200,PZZA,25
201,THRM,25
202,YUMC,25
203,GRWG,25
204,TLF,25
205,MCRI,25
206,BWA,25
207,FLL,25
208,WINA,25
209,MAR,25
210,BYD,25
211,DECK,25
212,URBN,25
213,CNTY,25
214,SHOO,25
215,YTRA,25
216,INSE,25
217,TSCO,25
218,BZH,25
219,MPAA,25
220,AEO,25
221,SYPR,25
222,PENN,25
223,JILL,25
224,CVNA,25
225,BRAG,25
226,CPHC,25
227,AASP,25
228,BEDU,25
229,AGS,25
230,UPBD,25
231,STRT,25
232,DRI,25
233,HBB,25
234,MYND,25
235,FNKO,25
236,EYE,25
237,FAT,25
238,OSW,25
239,FEDU,25
240,SFIX,25
241,DOGZ,25
242,ADT,25
243,PRPL,25
244,STG,25
245,WH,25
246,LOVE,25
247,JRSH,25
248,SKY,25
249,UXIN,25
250,CENN,25
251,LEGH,25
252,WAFU,25
253,SONO,25
254,CANG,25
255,PDD,25
256,FTDR,25
257,GTX,25
258,NIO,25
259,VIOT,25
260,MSC,25
261,SHRG,25
262,MOGU,25
263,RVLV,25
264,TH,25
265,JMIA,25
266,GNLN,25
267,WKSP,25
268,KTB,25
269,DBGI,25
270,KXIN,25
271,LKNCY,25
272,GOTU,25
273,ATER,25
274,CHWY,25
275,REAL,25
276,KRUS,25
277,ONEW,25
278,PTON,25
279,DAO,25
280,BWMX,25
281,YYAI,25
282,POWW,25
283,DKNG,25
284,EDTK,25
285,BTBD,25
286,AYRO,25
287,ACEL,25
288,HOFV,25
289,VSTA,25
290,AOUT,25
291,AMST,25
292,VENU,25
293,LVWR,25
294,ASO,25
295,GBTG,25
296,BQ,25
297,MNSO,25
298,ZGN,25
299,NRDE,25
300,LESL,25
301,EZGO,25
302,ISPO,25
303,YQ,25
304,DASH,25
305,QS,25
306,ABNB,25
307,LAZR,25
308,WOOF,25
309,MYTE,25
310,RSI,25
311,GGR,25
312,LSEA,25
313,AENT,25
314,UHG,25
315,DFH,25
316,ALUR,25
317,ECX,25
318,LUCK,25
319,PLBY,25
320,CPNG,25
321,SLDP,25
322,GROV,25
323,EEIQ,25
324,COUR,25
325,VCSA,25
326,ZAPP,25
327,TDUP,25
328,PET,25
329,SWIM,25
330,VEEE,25
331,GLBE,25
332,GENI,25
333,FIGS,25
334,GSUN,25
335,DIBS,25
336,RERE,25
337,MCW,25
338,BARK,25
339,SHCO,25
340,BODI,25
341,DUOL,25
342,CURV,25
343,EVGO,25
344,HLLY,25
345,XPOF,25
346,VSCO,25
347,COOK,25
348,FFAI,25
349,VIPZ,25
350,LCID,25
351,SBET,25
352,EWCZ,25
353,SRAD,25
354,ONON,25
355,BROS,25
356,AKA,25
357,WRBY,25
358,PNST,25
359,TKLF,25
360,BIRD,25
361,BRLT,25
362,FWRG,25
363,LTH,25
364,NRDY,25
365,PTLO,25
366,RIVN,25
367,UDMY,25
368,RENT,25
369,ARHS,25
370,DTC,25
371,LVLU,25
372,KLC,25
373,SG,25
374,HOUR,25
375,ECDA,25
376,DTLIF,25
377,MULN,25
378,SVV,25
379,YOSH,25
380,JFBR,25
381,GV,25
382,AIEV,25
383,SVUHF,25
384,GCT,25
385,JUNE,25
386,NXUR,25
387,MBLY,25
388,FTEL,25
389,RYET,25
390,LRE,25
391,QSG,25
392,HSAI,25
393,GDHG,25
394,RLEA,25
395,TRNR,25
396,CTNT,25
397,CAVA,25
398,PHIN,25
399,GENK,25
400,AZI,25
401,SN,25
402,LGCB,25
403,BIRK,25
404,RAY,25
405,PMNT,25
406,JL,25
407,ZK,25
408,MMA,25
409,SDHC,25
410,ROLR,25
411,AS,25
412,FLYE,25
413,MAMO,25
414,SERV,25
415,VIK,25
416,NTCL,25
417,AGH,25
418,ZSPC,25
419,WRD,25
420,YSXT,25
421,PC,25
422,LGCY,25
423,PHH,25
424,BRIA,25
425,TWNP,25
426,PLAY,25
427,DIT,25
428,RICK,25
429,POOL,25
430,JAKK,25
431,STRA,25
432,GES,25
433,CSV,25
434,QEPC,25
435,ANF,25
436,5952B,25
437,BJRI,25
438,PAG,25
439,LAD,25
440,MTN,25
441,KMX,25
442,ALV,25
443,AMZN,25
444,RL,25
445,BFAM,25
446,PETS,25
447,YUM,25
448,PLCE,25
449,TFRFF,25
450,SRI,25
451,CHH,25
452,GPI,25
453,SAH,25
454,CTHR,25
455,LIVE,25
456,PRDO,25
457,PSO,25
458,CTTAY,25
459,SHCAY,25
460,VWAGY,25
461,KGFHY,25
462,STLA,25
463,VLEEY,25
464,NCLH,25
465,COLM,25
466,HZO,25
467,GIL,25
468,RH,25
469,EBAY,25
470,SWBI,25
471,SNBR,25
472,GDEN,25
473,AXL,25
474,APTV,25
475,BKNG,25
476,SKX,25
477,HOFT,25
478,FLWS,25
479,9807B,25
480,EXPE,25
481,DNUT,25
482,VC,25
483,TPR,25
484,GRMN,25
485,BWTL,25
486,MPX,25
487,ABG,25
488,BGFV,25
489,GME,25
490,STRR,25
491,WW,25
492,AAP,25
493,DSHK,25
494,BYON,25
495,KIRK,25
496,RRGB,25
497,WYNN,25
498,CAAS,25
499,DKS,25
500,CRI,25
501,MBPFY,25
502,PRKA,25
503,LKQ,25
504,CONNQ,25
505,UTI,25
506,SGI,25
507,TCOM,25
508,DPZ,25
509,TXRH,25
510,BBW,25
511,LVS,25
512,XPEL,25
513,ZUMZ,25
514,CTRN,25
515,LINC,25
516,EVRI,25
517,CPS,25
518,KAVL,25
519,LEAT,25
520,IRBT,25
521,QSR,25
522,CROX,25
523,UAA,25
524,CMG,25
525,FUNI,25
526,VIPS,25
527,ASPU,25
528,BLMN,25
529,FIVE,25
530,QVCGA,25
531,TNL,25
532,HBI,25
533,EDU,25
534,SBH,25
535,MLCO,25
536,PRTS,25
537,ADD,25
538,LULU,25
539,MELI,25
540,ULTA,25
541,APEI,25
542,LRN,25
543,LOPE,25
544,H,25
545,HTHT,25
546,CRCT,25
547,NVFY,25
548,WKHS,25
549,TSLA,25
550,VRA,25
551,AMBO,25
552,MMYT,25
553,CLAR,25
554,TAL,25
555,PRKS,25
556,ARCO,25
557,ARMK,25
558,GRPN,25
559,TLYS,25
560,VAC,25
561,CPRI,25
562,NPSNY,25
563,DELTF,25
564,FLUT,25
565,IGT,25
566,TPH,25
567,FRSX,25
568,ARKO,25
569,GAN,25
570,JTKWY,25
571,LOGC,25
572,ABT,35
573,AMS,35
574,AMGN,35
575,BAX,35
576,BDX,35
577,BIO,35
578,NIMU,35
579,BMY,35
580,CI,35
581,CAH,35
582,CHE,35
583,IMNN,35
584,COO,35
585,GTBP,35
586,DHR,35
587,DYNT,35
588,RVTY,35
589,ENZN,35
590,ENZB,35
591,LSTA,35
592,FONR,35
593,GSK,35
594,JNJ,35
595,KENS,35
596,KEQU,35
597,LLY,35
598,MCK,35
599,MDT,35
600,CVS,35
601,MRK,35
602,MLAB,35
603,QDEL,35
604,VTRS,35
605,BMRA,35
606,NHC,35
607,THC,35
608,NVO,35
609,OMI,35
610,PFE,35
611,PHG,35
612,PVCT,35
613,SCND,35
614,STAA,35
615,SYK,35
616,SSY,35
617,TFX,35
618,TMO,35
619,VNRX,35
620,UNH,35
621,UHS,35
622,UTMD,35
623,WST,35
624,PPCB,35
625,RGEN,35
626,XOMA,35
627,PDEX,35
628,EHC,35
629,CVM,35
630,ABEO,35
631,ANIX,35
632,APYX,35
633,CATX,35
634,ICAD,35
635,OSUR,35
636,RDNT,35
637,LADX,35
638,ICCC,35
639,KRMD,35
640,SNGX,35
641,CNMD,35
642,XRAY,35
643,ZTS,35
644,PMDI,35
645,HRTX,35
646,RGLS,35
647,TEVA,35
648,LH,35
649,CSBR,35
650,VASO,35
651,VODG,35
652,TECH,35
653,ABBV,35
654,ENTA,35
655,NEOG,35
656,HRGN,35
657,PRTA,35
658,TVTX,35
659,GCTK,35
660,HURA,35
661,BLFS,35
662,DRIO,35
663,STME,35
664,CMRX,35
665,RZLT,35
666,ADMA,35
667,EKSO,35
668,IQV,35
669,BLUE,35
670,AGIO,35
671,ESPR,35
672,TRAW,35
673,EVOK,35
674,ANIP,35
675,PGEN,35
676,LPCN,35
677,LGMK,35
678,FATE,35
679,PINC,35
680,MGNX,35
681,ACAN,35
682,VEEV,35
683,COSM,35
684,GLYC,35
685,AMRX,35
686,TNDM,35
687,KPTI,35
688,XNCR,35
689,VCYT,35
690,ZEOX,35
691,RARE,35
692,TVRD,35
693,SMLR,35
694,CAPR,35
695,INGN,35
696,ITCI,35
697,MEDXF,35
698,CARM,35
699,COCP,35
700,BIVI,35
701,NGNE,35
702,GLMD,35
703,AKBA,35
704,MDWD,35
705,MEDP,35
706,ALDX,35
707,SCYX,35
708,PETV,35
709,PAHC,35
710,CCLD,35
711,NERV,35
712,TBPH,35
713,ELTX,35
714,NAOV,35
715,ARDX,35
716,SNDX,35
717,AMPH,35
718,RLMD,35
719,HQY,35
720,SLNO,35
721,HOLX,35
722,SAGE,35
723,IRMD,35
724,HSDT,35
725,LNTH,35
726,ATRA,35
727,OCUL,35
728,ADVM,35
729,VKTX,35
730,LFWD,35
731,AXDX,35
732,KPRX,35
733,AVNS,35
734,VANI,35
735,VYNE,35
736,PRQR,35
737,RYTM,35
738,AIFF,35
739,XENE,35
740,MMSI,35
741,CTXR,35
742,CHRS,35
743,MRMD,35
744,FGEN,35
745,NVRO,35
746,PYPD,35
747,CRBP,35
748,JYNT,35
749,SKYE,35
750,HCA,35
751,BCTX,35
752,TLRY,35
753,BZYR,35
754,INDV,35
755,CRON,35
756,PVLA,35
757,ASND,35
758,VERU,35
759,EPIX,35
760,XBIT,35
761,ZVRA,35
762,CDTX,35
763,BPMC,35
764,OPRX,35
765,CPMD,35
766,COLL,35
767,ADAP,35
768,SMTI,35
769,ATYR,35
770,PAVM,35
771,CYH,35
772,CCEL,35
773,REGN,35
774,EVH,35
775,ATXS,35
776,GKOS,35
777,HAE,35
778,IONS,35
779,NTRA,35
780,MCRB,35
781,IDXX,35
782,CRVL,35
783,TDOC,35
784,PROF,35
785,ALKS,35
786,VRTX,35
787,BIIB,35
788,PULM,35
789,VTVT,35
790,BCDA,35
791,SYRE,35
792,ALTS,35
793,PRGO,35
794,POCI,35
795,GILD,35
796,GOVX,35
797,LCTX,35
798,ICUI,35
799,BSX,35
800,STE,35
801,USPH,35
802,LFMD,35
803,RHHBY,35
804,ESMC,35
805,APTOF,35
806,PDCO,35
807,SGRY,35
808,ACRS,35
809,LGND,35
810,GYRE,35
811,KURA,35
812,CTMX,35
813,NVCR,35
814,RGNX,35
815,PEN,35
816,AVTX,35
817,ANAB,35
818,WVE,35
819,VYGR,35
820,AXSM,35
821,ARTL,35
822,APLS,35
823,ONC,35
824,MRUS,35
825,XGN,35
826,BBLG,35
827,SENS,35
828,OCX,35
829,CLSD,35
830,CRVO,35
831,OTLK,35
832,TCMD,35
833,MBRX,35
834,EDIT,35
835,BTCY,35
836,CRVS,35
837,SRTS,35
838,PTIX,35
839,NTLA,35
840,ZOMDF,35
841,PLSE,35
842,APVO,35
843,RNAC,35
844,ACIU,35
845,KIDS,35
846,BVS,35
847,PTGX,35
848,ENTO,35
849,MDGL,35
850,CAPS,35
851,LIVN,35
852,AORT,35
853,HUM,35
854,TENX,35
855,AEMD,35
856,FLGT,35
857,AMRN,35
858,ITHUF,35
859,CRSP,35
860,ANIK,35
861,AZN,35
862,SNES,35
863,IRTC,35
864,OFIX,35
865,ARWR,35
866,VREX,35
867,CKPT,35
868,PTN,35
869,INCY,35
870,NSTM,35
871,BYSI,35
872,KALV,35
873,MBOT,35
874,NDRA,35
875,UFPT,35
876,THTX,35
877,BCRX,35
878,LPTX,35
879,BHC,35
880,NKTR,35
881,VRDN,35
882,TARO,35
883,AMED,35
884,ZYME,35
885,URGN,35
886,PRTG,35
887,OVID,35
888,SVRA,35
889,ALT,35
890,ELDN,35
891,NVOS,35
892,PRPH,35
893,AZTA,35
894,CODX,35
895,MRSN,35
896,RNTX,35
897,COR,35
898,MYO,35
899,ATXI,35
900,RMD,35
901,NTRB,35
902,KALA,35
903,PRPO,35
904,CBUS,35
905,DARE,35
906,NMTC,35
907,GNPX,35
908,ACHV,35
909,JAGX,35
910,ZLAB,35
911,MBIO,35
912,KRYS,35
913,CELC,35
914,SYBX,35
915,NCNA,35
916,ADIL,35
917,NVNO,35
918,OPTN,35
919,SPRO,35
920,SCPH,35
921,IFRX,35
922,CUE,35
923,ARCT,35
924,TSNDF,35
925,ENTX,35
926,DNLI,35
927,QTRX,35
928,ASTH,35
929,PCSA,35
930,VMD,35
931,SXTC,35
932,SLDB,35
933,SLS,35
934,RCKT,35
935,EOLS,35
936,BTAI,35
937,EVFM,35
938,VXRT,35
939,RCUS,35
940,RENB,35
941,HLTRF,35
942,QTTB,35
943,UBX,35
944,INSP,35
945,SRRK,35
946,KNSA,35
947,ITRM,35
948,XAIR,35
949,XRTX,35
950,XCUR,35
951,DNTH,35
952,MGTX,35
953,VRCA,35
954,ECOR,35
955,KZR,35
956,AUTL,35
957,TECX,35
958,XERS,35
959,GTBIF,35
960,STIM,35
961,REPL,35
962,ALLK,35
963,CRNX,35
964,AQST,35
965,BNGO,35
966,ESTA,35
967,PLNH,35
968,LQDA,35
969,VTAK,35
970,ELAN,35
971,ETON,35
972,BLTE,35
973,STRO,35
974,ARVN,35
975,INMB,35
976,GH,35
977,CWBHF,35
978,KOD,35
979,YMAB,35
980,ATPC,35
981,ALLO,35
982,EQ,35
983,SIBN,35
984,TCNNF,35
985,TWST,35
986,PROK,35
987,CURLF,35
988,MRNA,35
989,SER,35
990,GRUSF,35
991,CRLBF,35
992,ARDT,35
993,ORGO,35
994,HOTH,35
995,GOSS,35
996,ALEC,35
997,YCBD,35
998,NXGL,35
999,CYCN,35
1000,WORX,35
1001,DTIL,35
1002,XFOR,35
1003,PDSB,35
1004,HOOK,35
1005,TRVI,35
1006,ALC,35
1007,TMDX,35
1008,AVTR,35
1009,NXTC,35
1010,APLT,35
1011,MIST,35
1012,QNCX,35
1013,CBSTF,35
1014,ATLN,35
1015,IDYA,35
1016,BCYC,35
1017,AYRWF,35
1018,PSNL,35
1019,STOK,35
1020,BBIO,35
1021,AKRO,35
1022,ADPT,35
1023,EDSA,35
1024,JUSHF,35
1025,MIRM,35
1026,FULC,35
1027,PHR,35
1028,HCAT,35
1029,CSTL,35
1030,CNSP,35
1031,ANVS,35
1032,INBS,35
1033,RAPT,35
1034,EMMA,35
1035,SLRX,35
1036,NVST,35
1037,OPCH,35
1038,INMD,35
1039,SWTX,35
1040,VIR,35
1041,IGMS,35
1042,TXG,35
1043,PNTG,35
1044,KRRO,35
1045,APRE,35
1046,ADCT,35
1047,BNTX,35
1048,MNPR,35
1049,PGNY,35
1050,OCGN,35
1051,BEAM,35
1052,CABA,35
1053,PHAT,35
1054,FDMT,35
1055,GRTX,35
1056,ETNB,35
1057,TELA,35
1058,PHGE,35
1059,NUTX,35
1060,BGM,35
1061,VERO,35
1062,AHCO,35
1063,ADTX,35
1064,IMVT,35
1065,MTVA,35
1066,ARQT,35
1067,TARA,35
1068,SDGR,35
1069,BDTX,35
1070,RVMD,35
1071,ALID,35
1072,PASG,35
1073,ELVN,35
1074,TOI,35
1075,LUNG,35
1076,ACCD,35
1077,ORIC,35
1078,MNMD,35
1079,LYRA,35
1080,ZNTL,35
1081,KROS,35
1082,SONN,35
1083,LTRN,35
1084,PLRX,35
1085,KRBPQ,35
1086,BNR,35
1087,RNA,35
1088,RPRX,35
1089,LEGN,35
1090,DWTX,35
1091,LRMR,35
1092,RPTX,35
1093,GLSI,35
1094,GBIO,35
1095,PCVX,35
1096,FBRX,35
1097,NKTX,35
1098,RLAY,35
1099,ITOS,35
1100,IMTX,35
1101,ALXO,35
1102,AFIB,35
1103,NRIX,35
1104,ANNX,35
1105,INZY,35
1106,OBIO,35
1107,KLRS,35
1108,IKT,35
1109,KYMR,35
1110,HRMY,35
1111,REVB,35
1112,NNOX,35
1113,OM,35
1114,DYN,35
1115,ATHA,35
1116,LNSR,35
1117,COGT,35
1118,AMWL,35
1119,CMPS,35
1120,ELUT,35
1121,ACET,35
1122,TSHA,35
1123,GDRX,35
1124,IMNM,35
1125,PMVP,35
1126,CALC,35
1127,PRLD,35
1128,CCCC,35
1129,TARS,35
1130,ALGS,35
1131,KRON,35
1132,STTK,35
1133,BDSX,35
1134,FHTX,35
1135,DCGO,35
1136,PRAX,35
1137,CTEV,35
1138,MLTX,35
1139,VVOS,35
1140,AVIR,35
1141,GLTO,35
1142,IRD,35
1143,SHC,35
1144,ATNF,35
1145,ALVO,35
1146,INAB,35
1147,MRVI,35
1148,CMPX,35
1149,SNPX,35
1150,OLMA,35
1151,CERT,35
1152,SEER,35
1153,PTPI,35
1154,SPRY,35
1155,NAMS,35
1156,TLSI,35
1157,ABCL,35
1158,RVPH,35
1159,BCAB,35
1160,VRPX,35
1161,DRTS,35
1162,KANT,35
1163,VINC,35
1164,CLNN,35
1165,ENVB,35
1166,ISPC,35
1167,CGEM,35
1168,SCLX,35
1169,CLOV,35
1170,ICU,35
1171,BOLT,35
1172,PIII,35
1173,HYPR,35
1174,LGVN,35
1175,IMCR,35
1176,SNSE,35
1177,VOR,35
1178,TERN,35
1179,HIMS,35
1180,AEON,35
1181,SANA,35
1182,GRI,35
1183,SLXN,35
1184,IRON,35
1185,COCH,35
1186,DHTRF,35
1187,ADGM,35
1188,NUVB,35
1189,BFLY,35
1190,AONC,35
1191,OCS,35
1192,VRNOF,35
1193,INNV,35
1194,BTMD,35
1195,FORA,35
1196,ALHC,35
1197,XAGE,35
1198,EPRX,35
1199,QTIH,35
1200,GANX,35
1201,TIL,35
1202,CMMB,35
1203,PBM,35
1204,CNTB,35
1205,DSGN,35
1206,OKUR,35
1207,AGL,35
1208,EWTX,35
1209,IKNA,35
1210,RXRX,35
1211,ERNA,35
1212,NPCE,35
1213,LVTX,35
1214,AKYA,35
1215,BMEA,35
1216,ESLA,35
1217,IINN,35
1218,TMCI,35
1219,PRVA,35
1220,ARTV,35
1221,HOWL,35
1222,BRNS,35
1223,TNFA,35
1224,ATAI,35
1225,AVAH,35
1226,RGC,35
1227,ANEB,35
1228,PALI,35
1229,MEHCQ,35
1230,TRML,35
1231,TCRX,35
1232,LSB,35
1233,DAWN,35
1234,VERA,35
1235,SNTI,35
1236,SGMT,35
1237,ALZN,35
1238,ZVSA,35
1239,CNTA,35
1240,OGN,35
1241,FEMY,35
1242,LFST,35
1243,CTOR,35
1244,NEUE,35
1245,JANX,35
1246,UNCY,35
1247,NRXP,35
1248,LYEL,35
1249,VERV,35
1250,ACXP,35
1251,IPSC,35
1252,DOCS,35
1253,GHRS,35
1254,QSI,35
1255,NAUT,35
1256,ABOS,35
1257,AVTE,35
1258,DRMA,35
1259,ZURA,35
1260,TKNO,35
1261,GLUE,35
1262,ELEV,35
1263,LENZ,35
1264,STVN,35
1265,TALK,35
1266,KTTA,35
1267,TPST,35
1268,CVRX,35
1269,ENSC,35
1270,SERA,35
1271,SGHT,35
1272,ABSI,35
1273,RXST,35
1274,IMRX,35
1275,RANI,35
1276,ERAS,35
1277,RPID,35
1278,TNYA,35
1279,CTKB,35
1280,OWLT,35
1281,IVVD,35
1282,CADL,35
1283,CLYM,35
1284,CGTX,35
1285,CRBU,35
1286,SOPH,35
1287,WGS,35
1288,BFRI,35
1289,NUVL,35
1290,RLYB,35
1291,OABI,35
1292,TNGX,35
1293,RNXT,35
1294,SRZN,35
1295,PRCT,35
1296,DH,35
1297,TYRA,35
1298,CLDI,35
1299,HUMA,35
1300,WHWK,35
1301,HCTI,35
1302,OCEA,35
1303,BEAT,35
1304,TIVC,35
1305,CING,35
1306,CNTX,35
1307,INKT,35
1308,IMMX,35
1309,PYXS,35
1310,APLM,35
1311,RBOT,35
1312,LUCD,35
1313,ZJYL,35
1314,FNA,35
1315,JSPR,35
1316,THAR,35
1317,VTYX,35
1318,ROIV,35
1319,XLO,35
1320,BJDX,35
1321,AIRS,35
1322,NVCT,35
1323,TVGN,35
1324,SONX,35
1325,TRDA,35
1326,AURA,35
1327,MYNZ,35
1328,JUNS,35
1329,IOBT,35
1330,TSVT,35
1331,NRSN,35
1332,BTSG,35
1333,CDIO,35
1334,DERM,35
1335,SABS,35
1336,INTS,35
1337,TNON,35
1338,GNTA,35
1339,VIGL,35
1340,ENGN,35
1341,LUCY,35
1342,AMLX,35
1343,DHAI,35
1344,NXL,35
1345,RTGN,35
1346,CDT,35
1347,BLCO,35
1348,ACLX,35
1349,ACON,35
1350,ZIMV,35
1351,ANTX,35
1352,EMBC,35
1353,VRAX,35
1354,STSS,35
1355,HLVX,35
1356,MAIA,35
1357,BIAF,35
1358,PEPG,35
1359,HSCS,35
1360,SHPH,35
1361,EHAB,35
1362,LIPO,35
1363,LDDD,35
1364,THRD,35
1365,GNLX,35
1366,PRME,35
1367,CVKD,35
1368,BHVN,35
1369,PLRZ,35
1370,ACRV,35
1371,GEHC,35
1372,COYA,35
1373,MLYS,35
1374,BFRG,35
1375,NRXS,35
1376,GPCR,35
1377,WOK,35
1378,SXTP,35
1379,SLRN,35
1380,CHRO,35
1381,SYRA,35
1382,MGRM,35
1383,ADVB,35
1384,AZTR,35
1385,FTRE,35
1386,APGE,35
1387,TSBX,35
1388,MIRA,35
1389,IVP,35
1390,NMRA,35
1391,LXEO,35
1392,KDLY,35
1393,WAY,35
1394,IBO,35
1395,MURA,35
1396,CRGX,35
1397,FBLG,35
1398,GELS,35
1399,PTHL,35
1400,OSTX,35
1401,MGX,35
1402,ANRO,35
1403,NTHI,35
1404,KYTX,35
1405,CGON,35
1406,AVBP,35
1407,GUTS,35
1408,AMIX,35
1409,TELO,35
1410,EXOZ,35
1411,MNDR,35
1412,CTNM,35
1413,BOLD,35
1414,SOLV,35
1415,INBX,35
1416,ACTU,35
1417,RAPP,35
1418,ALMS,35
1419,GRAL,35
1420,TEM,35
1421,MAZE,35
1422,MTSR,35
1423,SION,35
1424,BBNX,35
1425,AARD,35
1426,CON,35
1427,WGRX,35
1428,BCAX,35
1429,ZBIO,35
1430,CBLL,35
1431,MBX,35
1432,BIOA,35
1433,BMGL,35
1434,UPB,35
1435,CAMP,35
1436,SEPN,35
1437,KMTS,35
1438,IART,35
1439,MD,35
1440,MYGN,35
1441,DVA,35
1442,OPK,35
1443,HSIC,35
1444,MLSS,35
1445,WAT,35
1446,NVAX,35
1447,AURX,35
1448,TGTX,35
1449,TTNP,35
1450,IRIX,35
1451,LFCR,35
1452,ABUS,35
1453,AIMI,35
1454,PLX,35
1455,STRM,35
1456,NBIX,35
1457,AVDL,35
1458,CASI,35
1459,ECIA,35
1460,QGEN,35
1461,GERN,35
1462,AIMD,35
1463,DGX,35
1464,CERS,35
1465,VCEL,35
1466,INM,35
1467,SRPT,35
1468,SLP,35
1469,GTHP,35
1470,INIS,35
1471,SIGA,35
1472,NRC,35
1473,INTI,35
1474,SNDA,35
1475,MTD,35
1476,NOTV,35
1477,ASRT,35
1478,BRTX,35
1479,PFHO,35
1480,RMTI,35
1481,SRDX,35
1482,INO,35
1483,BAYRY,35
1484,TAK,35
1485,SNY,35
1486,NVS,35
1487,SNN,35
1488,APDN,35
1489,ELTP,35
1490,MRKR,35
1491,ICLR,35
1492,IDXG,35
1493,KZIA,35
1494,AUPH,35
1495,UTHR,35
1496,BMRN,35
1497,USNU,35
1498,NEO,35
1499,A,35
1500,ZYXI,35
1501,AGEN,35
1502,EW,35
1503,RIGL,35
1504,HSTM,35
1505,LXRX,35
1506,SGMO,35
1507,EXEL,35
1508,INSM,35
1509,ISRG,35
1510,CRL,35
1511,SAVA,35
1512,ILMN,35
1513,CRIS,35
1514,BRKR,35
1515,CGEN,35
1516,DCTH,35
1517,AWHL,35
1518,DRRX,35
1519,ITGR,35
1520,EXAS,35
1521,ALGN,35
1522,HBIO,35
1523,DVAX,35
1524,ACAD,35
1525,OMCL,35
1526,RVP,35
1527,FENC,35
1528,CCRN,35
1529,AMN,35
1530,ZBH,35
1531,ELV,35
1532,CNC,35
1533,RVXCF,35
1534,CORT,35
1535,TBRG,35
1536,CPHI,35
1537,GALT,35
1538,HALO,35
1539,PLUR,35
1540,MOH,35
1541,BCLI,35
1542,NIKA,35
1543,OGEN,35
1544,MODV,35
1545,CRDF,35
1546,PMCB,35
1547,MEIP,35
1548,DYAI,35
1549,CYTK,35
1550,MNKD,35
1551,CRVW,35
1552,STXS,35
1553,NURO,35
1554,INVA,35
1555,CYCC,35
1556,MFCSF,35
1557,NNVC,35
1558,CYRX,35
1559,PBH,35
1560,DXCM,35
1561,MNOV,35
1562,ATRC,35
1563,CTSO,35
1564,SSKN,35
1565,BKD,35
1566,CYDY,35
1567,TCRT,35
1568,PMN,35
1569,BPTH,35
1570,MODD,35
1571,KNW,35
1572,VNDA,35
1573,AVXL,35
1574,RHEP,35
1575,IGC,35
1576,ATEC,35
1577,SILO,35
1578,ORMP,35
1579,ONVO,35
1580,PBYI,35
1581,PHLT,35
1582,GMED,35
1583,PHIO,35
1584,PTCT,35
1585,SEM,35
1586,LMAT,35
1587,INFU,35
1588,FOLD,35
1589,SNOA,35
1590,ISCO,35
1591,CPRX,35
1592,EBS,35
1593,PBSV,35
1594,UEEC,35
1595,HROW,35
1596,ARAY,35
1597,DMAC,35
1598,PODD,35
1599,NBY,35
1600,JAZZ,35
1601,LUDG,35
1602,NAGE,35
1603,TOVX,35
1604,MASI,35
1605,SINT,35
1606,CPIX,35
1607,SBFM,35
1608,MDXG,35
1609,LIXT,35
1610,ENSG,35
1611,RSLS,35
1612,AYTU,35
1613,SCNX,35
1614,ENOV,35
1615,CLDX,35
1616,CDNA,35
1617,LAB,35
1618,CDXS,35
1619,IOVA,35
1620,IBIO,35
1621,SNWV,35
1622,ORKA,35
1623,CELZ,35
1624,ADUS,35
1625,BUDZ,35
1626,TXMD,35
1627,OMER,35
1628,POAI,35
1629,CRMD,35
1630,CLPT,35
1631,IRWD,35
1632,QIPT,35
1633,RMSL,35
1634,ELMD,35
1635,XTNT,35
1636,ASMB,35
1637,PACB,35
1638,ATOS,35
1639,PCRX,35
1640,TLPH,35
1641,SUPN,35
1642,GRCE,35
1643,NSPR,35
1644,CLRB,35
1645,CNBX,35
1646,KPEA,35
1647,VTGN,35
1648,AXGN,35
1649,TNXP,35
1650,ACHC,35
1651,VSTM,35
1652,BICX,35
1653,FBIO,35
1654,SLN,35
1655,OPT,35
1656,FMS,35
1657,RDY,35
1658,PHAR,35
1659,XBIO,35
1660,GMAB,35
1661,GENE,35
1662,IMRN,35
1663,NEUP,35
1664,ATHE,35
1665,RCEL,35
1666,IMMP,35
1667,EYPT,35
1668,PSTV,35
1669,BNTC,35
1670,CPHRF,35
1671,ALNY,35
1672,ANGO,35
1673,AVR,35
1674,SMMT,35
1675,MESO,35
1676,NUWE,35
1677,AQB,35
1678,GRFS,35
1679,HCM,35
1680,MDXH,35
1681,CLLS,35
1682,VRNA,35
1683,IXHL,35
1684,QURE,35
1685,VALN,35
1686,EVGN,35
1687,KMDA,35
1688,OKYO,35
1689,PPBT,35
1690,CANF,35
1691,ATIP,35
1692,ICCM,35
1693,RDHL,35
1694,NBTX,35
1695,ARGX,35
1696,MOLN,35
1697,ABVX,35
1698,MXCT,35
1699,MREO,35
1700,ALLR,35
1701,TLX,35
1702,RNLXY,35
1703,VREOF,35
1704,IMUX,35
1705,ARMP,35
1706,AAPG,35
1707,NYXH,35
1708,IBRX,35
1709,MDAI,35
1710,INDP,35
1711,CMND,35
1712,RADX,35
1713,QNRX,35
1714,HLN,35
1715,BKTI,45
1716,AMD,45
1717,ASMIY,45
1718,SWKS,45
1719,LGTY,45
1720,ADI,45
1721,AAPL,45
1722,AMAT,45
1723,ARW,45
1724,ALOT,45
1725,ADSK,45
1726,AVT,45
1727,BMI,45
1728,BELFB,45
1729,UIS,45
1730,RAMP,45
1731,CSPI,45
1732,CTS,45
1733,TLS,45
1734,CVV,45
1735,RFIL,45
1736,COHU,45
1737,DXC,45
1738,CMTL,45
1739,GLW,45
1740,DAIO,45
1741,DBD,45
1742,NSYS,45
1743,DIOD,45
1744,KODK,45
1745,ELSE,45
1746,ETCIA,45
1747,MARA,45
1748,ERIC,45
1749,FEIM,45
1750,FUJIY,45
1751,HPQ,45
1752,CRAWA,45
1753,IEHC,45
1754,INTC,45
1755,CCRD,45
1756,IBM,45
1757,IDCC,45
1758,KLAC,45
1759,KTCC,45
1760,KLIC,45
1761,KYOCY,45
1762,LRCX,45
1763,LGL,45
1764,SLNH,45
1765,MEI,45
1766,MU,45
1767,MFCO,45
1768,MSI,45
1769,VYX,45
1770,NSSC,45
1771,PAR,45
1772,AGYS,45
1773,ASYS,45
1774,QMCO,45
1775,RELL,45
1776,RICOY,45
1777,RSKIA,45
1778,ROG,45
1779,APPS,45
1780,SMTC,45
1781,SODI,45
1782,TTDKY,45
1783,TER,45
1784,TXN,45
1785,TRT,45
1786,TYL,45
1787,UUU,45
1788,VECO,45
1789,VIDE,45
1790,VSH,45
1791,WDC,45
1792,XRX,45
1793,QLYS,45
1794,MSFT,45
1795,ORCL,45
1796,REFR,45
1797,IT,45
1798,CLFD,45
1799,ADBE,45
1800,DJCO,45
1801,VRTC,45
1802,PLXS,45
1803,SOTK,45
1804,PLAB,45
1805,CDNS,45
1806,CPSH,45
1807,FICO,45
1808,FKWL,45
1809,MITK,45
1810,APH,45
1811,DELL,45
1812,COHR,45
1813,WDAY,45
1814,BNSOF,45
1815,AMBA,45
1816,GEN,45
1817,INVU,45
1818,CGNX,45
1819,CRUS,45
1820,LSCC,45
1821,DGII,45
1822,ANY,45
1823,ISEYF,45
1824,SKKY,45
1825,AMPG,45
1826,AEYE,45
1827,FWFW,45
1828,MYCB,45
1829,COMM,45
1830,FJTSY,45
1831,CLRO,45
1832,AAOI,45
1833,GLOB,45
1834,RNG,45
1835,PTC,45
1836,WIX,45
1837,BTCM,45
1838,VRNS,45
1839,KN,45
1840,TBCH,45
1841,BTCS,45
1842,RMNI,45
1843,ATEN,45
1844,QTWO,45
1845,FIVN,45
1846,BOX,45
1847,MTLS,45
1848,KEYS,45
1849,KE,45
1850,ANET,45
1851,CSCO,45
1852,KXSCF,45
1853,CYBR,45
1854,SPRS,45
1855,AKTSQ,45
1856,FCUV,45
1857,NVEC,45
1858,HUBS,45
1859,VERB,45
1860,WK,45
1861,UPLD,45
1862,GNSS,45
1863,TRMB,45
1864,AUID,45
1865,GDDY,45
1866,BHE,45
1867,SEDG,45
1868,INUV,45
1869,LITE,45
1870,SHOP,45
1871,NOK,45
1872,CTM,45
1873,APPF,45
1874,VERX,45
1875,ALRM,45
1876,PRGS,45
1877,ZBRA,45
1878,BOXL,45
1879,RPD,45
1880,OOMA,45
1881,QCOM,45
1882,LMFA,45
1883,ACFN,45
1884,ROP,45
1885,SNPS,45
1886,OLED,45
1887,INTZ,45
1888,MGIC,45
1889,SYTA,45
1890,PMTS,45
1891,LFUS,45
1892,ASGN,45
1893,PSTG,45
1894,CREAF,45
1895,CIIT,45
1896,HPE,45
1897,DTSS,45
1898,TEAM,45
1899,BLBX,45
1900,NTNX,45
1901,TWLO,45
1902,PI,45
1903,AIRG,45
1904,ATOM,45
1905,WOLF,45
1906,INTU,45
1907,MCHP,45
1908,MRAM,45
1909,SANM,45
1910,JBL,45
1911,GILT,45
1912,CDW,45
1913,LINK,45
1914,SPNS,45
1915,SVMB,45
1916,BL,45
1917,GDS,45
1918,BDC,45
1919,ITRI,45
1920,ICHR,45
1921,VIAV,45
1922,PRKR,45
1923,SGMA,45
1924,DAKT,45
1925,SCSC,45
1926,SILC,45
1927,FLEX,45
1928,REKR,45
1929,FALC,45
1930,ADTN,45
1931,YEXT,45
1932,OKTA,45
1933,AZPN,45
1934,VERI,45
1935,STM,45
1936,APPN,45
1937,TSEM,45
1938,NSIT,45
1939,SSTI,45
1940,PENG,45
1941,ACIW,45
1942,TAIT,45
1943,AATC,45
1944,HLIT,45
1945,MDB,45
1946,ALTR,45
1947,ACMR,45
1948,OSS,45
1949,BTBT,45
1950,ZEPP,45
1951,ZS,45
1952,ONDS,45
1953,DBX,45
1954,HUT,45
1955,RDVT,45
1956,SMAR,45
1957,DOCU,45
1958,LASR,45
1959,CLPS,45
1960,WRAP,45
1961,DOMO,45
1962,IIIV,45
1963,DVLT,45
1964,TENB,45
1965,ARLO,45
1966,OPRA,45
1967,DAVA,45
1968,BTOG,45
1969,ESTC,45
1970,MTC,45
1971,PHUN,45
1972,LSPD,45
1973,PD,45
1974,ZM,45
1975,SONM,45
1976,FSLY,45
1977,CGTL,45
1978,AVAI,45
1979,CRWD,45
1980,RCAT,45
1981,ADCOF,45
1982,GRYP,45
1983,DT,45
1984,NET,45
1985,CRNC,45
1986,DDOG,45
1987,DCBO,45
1988,SITM,45
1989,OCFT,45
1990,BILL,45
1991,SPT,45
1992,OBLG,45
1993,AUUD,45
1994,VNT,45
1995,PCOR,45
1996,GDYN,45
1997,ETWO,45
1998,CISO,45
1999,WTO,45
2000,NXTT,45
2001,API,45
2002,RXT,45
2003,NCNO,45
2004,JAMF,45
2005,BIGC,45
2006,U,45
2007,PLTR,45
2008,FROG,45
2009,ASAN,45
2010,BSY,45
2011,CRSR,45
2012,QBTS,45
2013,CMPO,45
2014,ALGM,45
2015,MASS,45
2016,AI,45
2017,PRCH,45
2018,S,45
2019,IFBD,45
2020,PERF,45
2021,TOITF,45
2022,ONTF,45
2023,DSP,45
2024,CORZ,45
2025,CGNT,45
2026,SBIG,45
2027,BBAI,45
2028,MOVE,45
2029,BNAI,45
2030,PGY,45
2031,RGTI,45
2032,SOUN,45
2033,AUR,45
2034,DOCN,45
2035,APP,45
2036,OLO,45
2037,MIGI,45
2038,ALKT,45
2039,OUST,45
2040,AEVA,45
2041,AISP,45
2042,TUYA,45
2043,SEMR,45
2044,DV,45
2045,SKYT,45
2046,KLTR,45
2047,INVZ,45
2048,PATH,45
2049,SMWB,45
2050,THNCF,45
2051,ZETA,45
2052,MLNK,45
2053,BTDR,45
2054,TGMPF,45
2055,MNDY,45
2056,VRAR,45
2057,HKD,45
2058,CXM,45
2059,EVCM,45
2060,CFLT,45
2061,YOU,45
2062,INDI,45
2063,MAPS,45
2064,BLND,45
2065,BASE,45
2066,INTA,45
2067,AVPT,45
2068,SMTK,45
2069,NABL,45
2070,LAW,45
2071,RSKD,45
2072,CCCS,45
2073,MTWO,45
2074,DATS,45
2075,ULY,45
2076,LIDR,45
2077,IZM,45
2078,SMRT,45
2079,SATX,45
2080,CIFR,45
2081,FRSH,45
2082,OST,45
2083,CLBT,45
2084,CWAN,45
2085,AMPL,45
2086,GREE,45
2087,CYN,45
2088,ARQQ,45
2089,EXOD,45
2090,ENFN,45
2091,GTLB,45
2092,ARBE,45
2093,VLN,45
2094,CCSI,45
2095,MSAI,45
2096,IONQ,45
2097,AIP,45
2098,INFA,45
2099,GFS,45
2100,EXFY,45
2101,CINT,45
2102,GCTS,45
2103,BLZE,45
2104,WEAV,45
2105,NVTS,45
2106,MIR,45
2107,BRZE,45
2108,IREN,45
2109,KD,45
2110,NN,45
2111,FUFU,45
2112,MTEK,45
2113,RDZN,45
2114,CVOSF,45
2115,IOT,45
2116,WULF,45
2117,PRSO,45
2118,CRDO,45
2119,HTCR,45
2120,UBXG,45
2121,LCFY,45
2122,RVSN,45
2123,WLDS,45
2124,ASNS,45
2125,MPTI,45
2126,BMR,45
2127,GLE,45
2128,XPER,45
2129,PRZO,45
2130,ARBB,45
2131,UMAC,45
2132,LMGIF,45
2133,LAES,45
2134,CXT,45
2135,ATGL,45
2136,AIRE,45
2137,ARM,45
2138,KVYO,45
2139,CCTG,45
2140,MASK,45
2141,YAAS,45
2142,ALAB,45
2143,RBRK,45
2144,SVCO,45
2145,LHSW,45
2146,GAUZ,45
2147,PCLA,45
2148,TTAN,45
2149,SAIL,45
2150,OS,45
2151,FATN,45
2152,CSAI,45
2153,DGNX,45
2154,PONY,45
2155,INGM,45
2156,SNDK,45
2157,CRWV,45
2158,SCKT,45
2159,CLMB,45
2160,DSWL,45
2161,ASML,45
2162,SMSI,45
2163,NOVT,45
2164,AEIS,45
2165,IVAC,45
2166,NTAP,45
2167,WSTL,45
2168,ASTC,45
2169,OTEX,45
2170,CONC,45
2171,NICE,45
2172,LPTH,45
2173,FORD,45
2174,KVHI,45
2175,OCC,45
2176,TCX,45
2177,BOSC,45
2178,ANSS,45
2179,DASTY,45
2180,CHKP,45
2181,PEGA,45
2182,AWRE,45
2183,TACT,45
2184,MVIS,45
2185,PLUS,45
2186,SDCH,45
2187,VSAT,45
2188,ELTK,45
2189,CIEN,45
2190,BKYI,45
2191,RMBS,45
2192,QRVO,45
2193,INTT,45
2194,EGHT,45
2195,QUIK,45
2196,AEHR,45
2197,FARO,45
2198,RDCM,45
2199,INVE,45
2200,OSIS,45
2201,BB,45
2202,POWI,45
2203,DSGX,45
2204,VRSN,45
2205,CNXN,45
2206,GMPW,45
2207,OSPN,45
2208,ATEYY,45
2209,SPMYY,45
2210,LOGI,45
2211,SAP,45
2212,MMTIF,45
2213,HIVE,45
2214,LWLG,45
2215,SANG,45
2216,ENAFF,45
2217,NTWK,45
2218,OVTZ,45
2219,MANH,45
2220,AMKR,45
2221,AXTI,45
2222,HCKT,45
2223,MSTR,45
2224,CXDO,45
2225,CTSH,45
2226,DOX,45
2227,CLS,45
2228,CETX,45
2229,TGLO,45
2230,NTIP,45
2231,TRAK,45
2232,NVDA,45
2233,MKSI,45
2234,EXTR,45
2235,AUDC,45
2236,FFIV,45
2237,JNPR,45
2238,VHC,45
2239,WNDW,45
2240,NTCT,45
2241,EGAN,45
2242,ATGN,45
2243,RDWR,45
2244,AKAM,45
2245,IDN,45
2246,ONTO,45
2247,TDY,45
2248,QTRHF,45
2249,UTSI,45
2250,IFNNY,45
2251,SLAB,45
2252,CAMT,45
2253,LPSN,45
2254,NVMI,45
2255,QBAK,45
2256,ON,45
2257,PXLW,45
2258,CEVA,45
2259,RBBN,45
2260,MRVL,45
2261,ENTG,45
2262,ACLS,45
2263,LTRX,45
2264,CRNT,45
2265,MNDO,45
2266,TTMI,45
2267,INSG,45
2268,VRME,45
2269,SYNA,45
2270,ACN,45
2271,PDFS,45
2272,APLD,45
2273,VRNT,45
2274,RIOT,45
2275,FORM,45
2276,STX,45
2277,NTGR,45
2278,OMQS,45
2279,TRCK,45
2280,ADEA,45
2281,SNX,45
2282,CRM,45
2283,GSIT,45
2284,LPL,45
2285,MPWR,45
2286,DLB,45
2287,QUBT,45
2288,VQSSF,45
2289,SIMO,45
2290,CLRI,45
2291,ITMSF,45
2292,ASTI,45
2293,SNCR,45
2294,SMME,45
2295,INLX,45
2296,NOW,45
2297,PANW,45
2298,CVLT,45
2299,CNSWF,45
2300,FSLR,45
2301,IPGP,45
2302,CSIQ,45
2303,ALLT,45
2304,NLST,45
2305,III,45
2306,RTC,45
2307,SMCI,45
2308,AVNW,45
2309,BLIN,45
2310,TEL,45
2311,CVAT,45
2312,TSSI,45
2313,PRO,45
2314,NEON,45
2315,CYCA,45
2316,TDC,45
2317,HWNI,45
2318,DTST,45
2319,FN,45
2320,SWI,45
2321,RSSS,45
2322,AVGO,45
2323,DMRC,45
2324,ACCS,45
2325,FTNT,45
2326,CODA,45
2327,CALX,45
2328,SPSC,45
2329,VUZI,45
2330,DQ,45
2331,JKS,45
2332,MXL,45
2333,EACO,45
2334,AOSL,45
2335,NXPI,45
2336,VPG,45
2337,LEDS,45
2338,NTRP,45
2339,VNET,45
2340,CLSK,45
2341,SQNS,45
2342,NBIS,45
2343,LCTC,45
2344,XNET,45
2345,ENPH,45
2346,UI,45
2347,EPAM,45
2348,MTSI,45
2349,GWRE,45
2350,TSM,45
2351,WIT,45
2352,FORTY,45
2353,UMC,45
2354,INFY,45
2355,ASX,45
2356,AIIXY,45
2357,TMICY,45
2358,MX,45
2359,AUOTY,45
2360,ITRN,45
2361,BLKB,45
2362,UCTT,45
2363,HIMX,45
2364,RKNEF,45
2365,MYSZ,45
2366,ALAR,45
2367,NVX,45
2368,MOB,45
2369,BITF,45
2370,LIF,45
2371,SVRE,45
2372,SNOW,45
2373,IDAI,45
2374,KARO,45
2375,NYAX,45
